Ticker,Date/Time,close
QQQ,01/12/2014,104.81
QQQ,02/12/2014,105.23
QQQ,03/12/2014,105.42
QQQ,04/12/2014,105.37
QQQ,05/12/2014,105.38
QQQ,08/12/2014,104.63
QQQ,09/12/2014,104.96
QQQ,10/12/2014,103.31
QQQ,11/12/2014,103.80
QQQ,12/12/2014,102.67
QQQ,15/12/2014,101.61
QQQ,16/12/2014,99.98
QQQ,17/12/2014,101.80
QQQ,18/12/2014,104.25
QQQ,19/12/2014,104.32
QQQ,22/12/2014,104.58
QQQ,23/12/2014,104.21
QQQ,24/12/2014,104.30
QQQ,26/12/2014,105.04
QQQ,29/12/2014,105.02
QQQ,30/12/2014,104.32
QQQ,31/12/2014,103.25
QQQ,02/01/2015,102.94
QQQ,05/01/2015,101.43
QQQ,06/01/2015,100.07
QQQ,07/01/2015,101.36
QQQ,08/01/2015,103.30
QQQ,09/01/2015,102.62
QQQ,12/01/2015,101.55
QQQ,13/01/2015,101.52
QQQ,14/01/2015,100.96
QQQ,15/01/2015,99.65
QQQ,16/01/2015,100.82
QQQ,20/01/2015,101.62
QQQ,21/01/2015,102.14
QQQ,22/01/2015,104.03
QQQ,23/01/2015,104.26
QQQ,26/01/2015,104.14
QQQ,27/01/2015,101.44
QQQ,28/01/2015,100.92
QQQ,29/01/2015,101.89
QQQ,30/01/2015,101.10
QQQ,02/02/2015,101.98
QQQ,03/02/2015,102.96
QQQ,04/02/2015,102.87
QQQ,05/02/2015,103.76
QQQ,06/02/2015,103.13
QQQ,09/02/2015,102.80
QQQ,10/02/2015,104.40
QQQ,11/02/2015,104.78
QQQ,12/02/2015,106.00
QQQ,13/02/2015,106.91
QQQ,17/02/2015,107.01
QQQ,18/02/2015,107.16
QQQ,19/02/2015,107.69
QQQ,20/02/2015,108.41
QQQ,23/02/2015,108.52
QQQ,24/02/2015,108.60
QQQ,25/02/2015,108.33
QQQ,26/02/2015,108.88
QQQ,27/02/2015,108.40
QQQ,02/03/2015,109.38
QQQ,03/03/2015,108.87
QQQ,04/03/2015,108.45
QQQ,05/03/2015,108.64
QQQ,06/03/2015,107.41
QQQ,09/03/2015,107.72
QQQ,10/03/2015,105.72
QQQ,11/03/2015,105.11
QQQ,12/03/2015,105.80
QQQ,13/03/2015,105.34
QQQ,16/03/2015,106.70
QQQ,17/03/2015,106.87
QQQ,18/03/2015,107.92
QQQ,19/03/2015,108.08
QQQ,20/03/2015,108.53
QQQ,23/03/2015,108.32
QQQ,24/03/2015,107.93
QQQ,25/03/2015,105.46
QQQ,26/03/2015,105.10
QQQ,27/03/2015,105.52
QQQ,30/03/2015,106.73
QQQ,31/03/2015,105.60
QQQ,01/04/2015,105.05
QQQ,02/04/2015,105.12
QQQ,06/04/2015,105.98
QQQ,07/04/2015,105.80
QQQ,08/04/2015,106.64
QQQ,09/04/2015,107.31
QQQ,10/04/2015,107.75
QQQ,13/04/2015,107.48
QQQ,14/04/2015,107.17
QQQ,15/04/2015,107.84
QQQ,16/04/2015,107.69
QQQ,17/04/2015,106.01
QQQ,20/04/2015,107.60
QQQ,21/04/2015,108.06
QQQ,22/04/2015,108.65
QQQ,23/04/2015,109.06
QQQ,24/04/2015,110.54
QQQ,27/04/2015,110.26
QQQ,28/04/2015,110.04
QQQ,29/04/2015,109.35
QQQ,30/04/2015,107.63
QQQ,01/05/2015,109.05
QQQ,04/05/2015,109.23
QQQ,05/05/2015,107.45
QQQ,06/05/2015,106.71
QQQ,07/05/2015,107.35
QQQ,08/05/2015,108.69
QQQ,11/05/2015,108.27
QQQ,12/05/2015,107.78
QQQ,13/05/2015,108.00
QQQ,14/05/2015,109.58
QQQ,15/05/2015,109.58
QQQ,18/05/2015,110.06
QQQ,19/05/2015,109.94
QQQ,20/05/2015,110.01
QQQ,21/05/2015,110.58
QQQ,22/05/2015,110.47
QQQ,26/05/2015,109.20
QQQ,27/05/2015,110.96
QQQ,28/05/2015,110.71
QQQ,29/05/2015,110.05
QQQ,01/06/2015,110.42
QQQ,02/06/2015,110.07
QQQ,03/06/2015,110.40
QQQ,04/06/2015,109.56
QQQ,05/06/2015,109.30
QQQ,08/06/2015,108.19
QQQ,09/06/2015,108.01
QQQ,10/06/2015,109.49
QQQ,11/06/2015,109.65
QQQ,12/06/2015,108.75
QQQ,15/06/2015,108.21
QQQ,16/06/2015,108.80
QQQ,17/06/2015,109.10
QQQ,18/06/2015,110.69
QQQ,19/06/2015,109.89
QQQ,22/06/2015,110.70
QQQ,23/06/2015,110.79
QQQ,24/06/2015,110.22
QQQ,25/06/2015,110.00
QQQ,26/06/2015,109.27
QQQ,29/06/2015,106.69
QQQ,30/06/2015,107.07
QQQ,01/07/2015,107.92
QQQ,02/07/2015,107.95
QQQ,06/07/2015,107.70
QQQ,07/07/2015,107.97
QQQ,08/07/2015,106.09
QQQ,09/07/2015,106.03
QQQ,10/07/2015,107.65
QQQ,13/07/2015,109.54
QQQ,14/07/2015,110.26
QQQ,15/07/2015,110.38
QQQ,16/07/2015,111.94
QQQ,17/07/2015,113.59
QQQ,20/07/2015,113.98
QQQ,21/07/2015,113.91
QQQ,22/07/2015,112.62
QQQ,23/07/2015,112.20
QQQ,24/07/2015,111.10
QQQ,27/07/2015,110.18
QQQ,28/07/2015,111.13
QQQ,29/07/2015,111.55
QQQ,30/07/2015,112.08
QQQ,31/07/2015,111.95
QQQ,03/08/2015,111.60
QQQ,04/08/2015,111.39
QQQ,05/08/2015,112.25
QQQ,06/08/2015,110.45
QQQ,07/08/2015,110.31
QQQ,10/08/2015,111.57
QQQ,11/08/2015,110.14
QQQ,12/08/2015,110.52
QQQ,13/08/2015,110.34
QQQ,14/08/2015,110.51
QQQ,17/08/2015,111.43
QQQ,18/08/2015,110.86
QQQ,19/08/2015,110.13
QQQ,20/08/2015,107.08
QQQ,21/08/2015,102.40
QQQ,24/08/2015,98.46
QQQ,25/08/2015,98.09
QQQ,26/08/2015,103.03
QQQ,27/08/2015,105.64
QQQ,28/08/2015,105.62
QQQ,31/08/2015,104.31
QQQ,01/09/2015,101.05
QQQ,02/09/2015,103.90
QQQ,03/09/2015,103.39
QQQ,04/09/2015,102.16
QQQ,08/09/2015,105.04
QQQ,09/09/2015,103.86
QQQ,10/09/2015,104.99
QQQ,11/09/2015,105.57
QQQ,14/09/2015,105.25
QQQ,15/09/2015,106.49
QQQ,16/09/2015,107.09
QQQ,17/09/2015,107.13
QQQ,18/09/2015,105.35
QQQ,21/09/2015,105.68
QQQ,22/09/2015,104.10
QQQ,23/09/2015,104.18
QQQ,24/09/2015,103.80
QQQ,25/09/2015,102.92
QQQ,28/09/2015,99.99
QQQ,29/09/2015,99.47
QQQ,30/09/2015,101.76
QQQ,01/10/2015,102.22
QQQ,02/10/2015,104.01
QQQ,05/10/2015,105.50
QQQ,06/10/2015,105.00
QQQ,07/10/2015,105.63
QQQ,08/10/2015,106.05
QQQ,09/10/2015,106.53
QQQ,12/10/2015,106.79
QQQ,13/10/2015,106.10
QQQ,14/10/2015,105.93
QQQ,15/10/2015,107.67
QQQ,16/10/2015,108.12
QQQ,19/10/2015,108.74
QQQ,20/10/2015,108.18
QQQ,21/10/2015,107.52
QQQ,22/10/2015,109.71
QQQ,23/10/2015,112.78
QQQ,26/10/2015,112.85
QQQ,27/10/2015,113.08
QQQ,28/10/2015,114.02
QQQ,29/10/2015,113.84
QQQ,30/10/2015,113.33
QQQ,02/11/2015,114.61
QQQ,03/11/2015,115.01
QQQ,04/11/2015,115.02
QQQ,05/11/2015,114.71
QQQ,06/11/2015,114.79
QQQ,09/11/2015,113.57
QQQ,10/11/2015,113.28
QQQ,11/11/2015,113.14
QQQ,12/11/2015,112.04
QQQ,13/11/2015,109.84
QQQ,16/11/2015,111.42
QQQ,17/11/2015,111.49
QQQ,18/11/2015,113.63
QQQ,19/11/2015,113.71
QQQ,20/11/2015,114.48
QQQ,23/11/2015,114.15
QQQ,24/11/2015,114.05
QQQ,25/11/2015,114.15
QQQ,27/11/2015,114.31
QQQ,30/11/2015,114.02
QQQ,01/12/2015,115.16
QQQ,02/12/2015,114.45
QQQ,03/12/2015,112.51
QQQ,04/12/2015,115.14
QQQ,07/12/2015,114.62
QQQ,08/12/2015,114.63
QQQ,09/12/2015,112.89
QQQ,10/12/2015,113.40
QQQ,11/12/2015,110.79
QQQ,14/12/2015,111.63
QQQ,15/12/2015,112.31
QQQ,16/12/2015,113.98
QQQ,17/12/2015,112.32
QQQ,18/12/2015,109.83
QQQ,21/12/2015,111.05
QQQ,22/12/2015,111.78
QQQ,23/12/2015,112.61
QQQ,24/12/2015,112.59
QQQ,28/12/2015,112.53
QQQ,29/12/2015,114.30
QQQ,30/12/2015,113.27
QQQ,31/12/2015,111.86
QQQ,04/01/2016,109.50
QQQ,05/01/2016,109.31
QQQ,06/01/2016,108.26
QQQ,07/01/2016,104.87
QQQ,08/01/2016,104.01
QQQ,11/01/2016,104.33
QQQ,12/01/2016,105.54
QQQ,13/01/2016,101.90
QQQ,14/01/2016,104.07
QQQ,15/01/2016,100.84
QQQ,19/01/2016,101.06
QQQ,20/01/2016,100.75
QQQ,21/01/2016,100.85
QQQ,22/01/2016,103.77
QQQ,25/01/2016,102.23
QQQ,26/01/2016,103.15
QQQ,27/01/2016,100.58
QQQ,28/01/2016,102.00
QQQ,29/01/2016,104.13
QQQ,01/02/2016,104.41
QQQ,02/02/2016,102.15
QQQ,03/02/2016,101.66
QQQ,04/02/2016,101.65
QQQ,05/02/2016,98.12
QQQ,08/02/2016,96.62
QQQ,09/02/2016,96.32
QQQ,10/02/2016,96.69
QQQ,11/02/2016,96.55
QQQ,12/02/2016,98.02
QQQ,16/02/2016,100.23
QQQ,17/02/2016,102.50
QQQ,18/02/2016,101.33
QQQ,19/02/2016,101.63
QQQ,22/02/2016,103.28
QQQ,23/02/2016,101.58
QQQ,24/02/2016,102.55
QQQ,25/02/2016,103.56
QQQ,26/02/2016,103.43
QQQ,29/02/2016,102.50
QQQ,01/03/2016,105.79
QQQ,02/03/2016,105.83
QQQ,03/03/2016,105.63
QQQ,04/03/2016,105.67
QQQ,07/03/2016,105.02
QQQ,08/03/2016,104.15
QQQ,09/03/2016,104.82
QQQ,10/03/2016,104.66
QQQ,11/03/2016,106.49
QQQ,14/03/2016,106.67
QQQ,15/03/2016,106.63
QQQ,16/03/2016,107.58
QQQ,17/03/2016,107.52
QQQ,18/03/2016,107.37
QQQ,21/03/2016,107.79
QQQ,22/03/2016,108.12
QQQ,23/03/2016,107.23
QQQ,24/03/2016,107.26
QQQ,28/03/2016,107.11
QQQ,29/03/2016,108.83
QQQ,30/03/2016,109.36
QQQ,31/03/2016,109.20
QQQ,01/04/2016,110.36
QQQ,04/04/2016,109.94
QQQ,05/04/2016,108.88
QQQ,06/04/2016,110.67
QQQ,07/04/2016,109.08
QQQ,08/04/2016,109.00
QQQ,11/04/2016,108.60
QQQ,12/04/2016,109.51
QQQ,13/04/2016,110.91
QQQ,14/04/2016,110.92
QQQ,15/04/2016,110.64
QQQ,18/04/2016,111.23
QQQ,19/04/2016,110.55
QQQ,20/04/2016,110.64
QQQ,21/04/2016,110.65
QQQ,22/04/2016,108.98
QQQ,25/04/2016,108.98
QQQ,26/04/2016,108.45
QQQ,27/04/2016,107.58
QQQ,28/04/2016,106.28
QQQ,29/04/2016,105.72
QQQ,02/05/2016,106.72
QQQ,03/05/2016,105.73
QQQ,04/05/2016,105.05
QQQ,05/05/2016,105.02
QQQ,06/05/2016,105.58
QQQ,09/05/2016,105.88
QQQ,10/05/2016,107.33
QQQ,11/05/2016,106.36
QQQ,12/05/2016,105.89
QQQ,13/05/2016,105.50
QQQ,16/05/2016,106.82
QQQ,17/05/2016,105.48
QQQ,18/05/2016,105.86
QQQ,19/05/2016,105.31
QQQ,20/05/2016,106.47
QQQ,23/05/2016,106.33
QQQ,24/05/2016,108.46
QQQ,25/05/2016,109.24
QQQ,26/05/2016,109.56
QQQ,27/05/2016,110.13
QQQ,31/05/2016,110.34
QQQ,01/06/2016,110.35
QQQ,02/06/2016,110.58
QQQ,03/06/2016,110.06
QQQ,06/06/2016,110.46
QQQ,07/06/2016,110.18
QQQ,08/06/2016,110.37
QQQ,09/06/2016,110.19
QQQ,10/06/2016,108.94
QQQ,13/06/2016,108.03
QQQ,14/06/2016,108.03
QQQ,15/06/2016,107.72
QQQ,16/06/2016,108.04
QQQ,17/06/2016,106.49
QQQ,20/06/2016,107.16
QQQ,21/06/2016,107.50
QQQ,22/06/2016,107.24
QQQ,23/06/2016,108.77
QQQ,24/06/2016,104.29
QQQ,27/06/2016,102.22
QQQ,28/06/2016,104.46
QQQ,29/06/2016,106.31
QQQ,30/06/2016,107.54
QQQ,01/07/2016,108.08
QQQ,05/07/2016,107.42
QQQ,06/07/2016,108.30
QQQ,07/07/2016,108.62
QQQ,08/07/2016,110.30
QQQ,11/07/2016,110.93
QQQ,12/07/2016,111.49
QQQ,13/07/2016,111.22
QQQ,14/07/2016,111.98
QQQ,15/07/2016,111.80
QQQ,18/07/2016,112.54
QQQ,19/07/2016,112.13
QQQ,20/07/2016,113.44
QQQ,21/07/2016,113.18
QQQ,22/07/2016,113.65
QQQ,25/07/2016,113.66
QQQ,26/07/2016,113.79
QQQ,27/07/2016,114.58
QQQ,28/07/2016,114.98
QQQ,29/07/2016,115.23
QQQ,01/08/2016,115.84
QQQ,02/08/2016,114.96
QQQ,03/08/2016,115.34
QQQ,04/08/2016,115.67
QQQ,05/08/2016,116.78
QQQ,08/08/2016,116.65
QQQ,09/08/2016,116.92
QQQ,10/08/2016,116.62
QQQ,11/08/2016,117.12
QQQ,12/08/2016,117.20
QQQ,15/08/2016,117.70
QQQ,16/08/2016,117.05
QQQ,17/08/2016,117.26
QQQ,18/08/2016,117.29
QQQ,19/08/2016,117.26
QQQ,22/08/2016,117.35
QQQ,23/08/2016,117.56
QQQ,24/08/2016,116.80
QQQ,25/08/2016,116.61
QQQ,26/08/2016,116.78
QQQ,29/08/2016,116.94
QQQ,30/08/2016,116.56
QQQ,31/08/2016,116.44
QQQ,01/09/2016,116.74
QQQ,02/09/2016,117.12
QQQ,06/09/2016,117.85
QQQ,07/09/2016,117.92
QQQ,08/09/2016,117.23
QQQ,09/09/2016,114.28
QQQ,12/09/2016,116.33
QQQ,13/09/2016,115.29
QQQ,14/09/2016,115.84
QQQ,15/09/2016,117.64
QQQ,16/09/2016,117.29
QQQ,19/09/2016,116.78
QQQ,20/09/2016,117.00
QQQ,21/09/2016,118.15
QQQ,22/09/2016,119.09
QQQ,23/09/2016,118.33
QQQ,26/09/2016,117.34
QQQ,27/09/2016,118.50
QQQ,28/09/2016,118.70
QQQ,29/09/2016,117.84
QQQ,30/09/2016,118.72
QQQ,03/10/2016,118.55
QQQ,04/10/2016,118.37
QQQ,05/10/2016,118.79
QQQ,06/10/2016,118.73
QQQ,07/10/2016,118.47
QQQ,10/10/2016,119.22
QQQ,11/10/2016,117.52
QQQ,12/10/2016,117.42
QQQ,13/10/2016,117.00
QQQ,14/10/2016,117.14
QQQ,17/10/2016,116.82
QQQ,18/10/2016,117.86
QQQ,19/10/2016,117.85
QQQ,20/10/2016,117.71
QQQ,21/10/2016,118.15
QQQ,24/10/2016,119.57
QQQ,25/10/2016,119.19
QQQ,26/10/2016,118.38
QQQ,27/10/2016,117.84
QQQ,28/10/2016,117.10
QQQ,31/10/2016,116.99
QQQ,01/11/2016,116.11
QQQ,02/11/2016,115.18
QQQ,03/11/2016,114.05
QQQ,04/11/2016,113.65
QQQ,07/11/2016,116.35
QQQ,08/11/2016,117.11
QQQ,09/11/2016,117.65
QQQ,10/11/2016,115.75
QQQ,11/11/2016,115.80
QQQ,14/11/2016,114.63
QQQ,15/11/2016,116.22
QQQ,16/11/2016,116.91
QQQ,17/11/2016,117.76
QQQ,18/11/2016,117.32
QQQ,21/11/2016,118.54
QQQ,22/11/2016,118.90
QQQ,23/11/2016,118.42
QQQ,25/11/2016,118.80
QQQ,28/11/2016,118.53
QQQ,29/11/2016,118.94
QQQ,30/11/2016,117.50
QQQ,01/12/2016,115.47
QQQ,02/12/2016,115.70
QQQ,05/12/2016,116.60
QQQ,06/12/2016,116.88
QQQ,07/12/2016,118.36
QQQ,08/12/2016,118.57
QQQ,09/12/2016,119.50
QQQ,12/12/2016,118.96
QQQ,13/12/2016,120.46
QQQ,14/12/2016,120.21
QQQ,15/12/2016,120.40
QQQ,16/12/2016,119.60
QQQ,19/12/2016,120.09
QQQ,20/12/2016,120.55
QQQ,21/12/2016,120.46
QQQ,22/12/2016,120.12
QQQ,23/12/2016,120.20
QQQ,27/12/2016,120.82
QQQ,28/12/2016,119.88
QQQ,29/12/2016,119.71
QQQ,30/12/2016,118.48
QQQ,03/01/2017,119.54
QQQ,04/01/2017,120.19
QQQ,05/01/2017,120.87
QQQ,06/01/2017,121.93
QQQ,09/01/2017,122.33
QQQ,10/01/2017,122.60
QQQ,11/01/2017,122.93
QQQ,12/01/2017,122.74
QQQ,13/01/2017,123.16
QQQ,17/01/2017,122.79
QQQ,18/01/2017,123.04
QQQ,19/01/2017,122.98
QQQ,20/01/2017,123.25
QQQ,23/01/2017,123.35
QQQ,24/01/2017,124.18
QQQ,25/01/2017,125.43
QQQ,26/01/2017,125.56
QQQ,27/01/2017,125.80
QQQ,30/01/2017,124.82
QQQ,31/01/2017,124.57
QQQ,01/02/2017,125.43
QQQ,02/02/2017,125.32
QQQ,03/02/2017,125.68
QQQ,06/02/2017,125.83
QQQ,07/02/2017,126.29
QQQ,08/02/2017,126.50
QQQ,09/02/2017,126.96
QQQ,10/02/2017,127.38
QQQ,13/02/2017,128.10
QQQ,14/02/2017,128.53
QQQ,15/02/2017,129.29
QQQ,16/02/2017,129.25
QQQ,17/02/2017,129.81
QQQ,21/02/2017,130.45
QQQ,22/02/2017,130.50
QQQ,23/02/2017,130.01
QQQ,24/02/2017,130.26
QQQ,27/02/2017,130.42
QQQ,28/02/2017,130.02
QQQ,01/03/2017,131.44
QQQ,02/03/2017,130.78
QQQ,03/03/2017,131.02
QQQ,06/03/2017,130.73
QQQ,07/03/2017,130.51
QQQ,08/03/2017,130.74
QQQ,09/03/2017,130.84
QQQ,10/03/2017,131.39
QQQ,13/03/2017,131.61
QQQ,14/03/2017,131.29
QQQ,15/03/2017,132.10
QQQ,16/03/2017,132.01
QQQ,17/03/2017,131.69
QQQ,20/03/2017,131.81
QQQ,21/03/2017,129.81
QQQ,22/03/2017,130.69
QQQ,23/03/2017,130.36
QQQ,24/03/2017,130.63
QQQ,27/03/2017,130.84
QQQ,28/03/2017,131.64
QQQ,29/03/2017,132.25
QQQ,30/03/2017,132.47
QQQ,31/03/2017,132.38
QQQ,03/04/2017,132.30
QQQ,04/04/2017,132.51
QQQ,05/04/2017,131.97
QQQ,06/04/2017,132.04
QQQ,07/04/2017,131.97
QQQ,10/04/2017,132.02
QQQ,11/04/2017,131.45
QQQ,12/04/2017,130.92
QQQ,13/04/2017,130.40
QQQ,17/04/2017,131.48
QQQ,18/04/2017,131.28
QQQ,19/04/2017,131.49
QQQ,20/04/2017,132.59
QQQ,21/04/2017,132.56
QQQ,24/04/2017,134.16
QQQ,25/04/2017,135.13
QQQ,26/04/2017,134.94
QQQ,27/04/2017,135.75
QQQ,28/04/2017,135.99
QQQ,01/05/2017,137.20
QQQ,02/05/2017,137.43
QQQ,03/05/2017,136.99
QQQ,04/05/2017,137.04
QQQ,05/05/2017,137.54
QQQ,08/05/2017,137.84
QQQ,09/05/2017,138.32
QQQ,10/05/2017,138.40
QQQ,11/05/2017,138.29
QQQ,12/05/2017,138.60
QQQ,15/05/2017,139.04
QQQ,16/05/2017,139.62
QQQ,17/05/2017,136.07
QQQ,18/05/2017,137.26
QQQ,19/05/2017,137.84
QQQ,22/05/2017,139.00
QQQ,23/05/2017,139.14
QQQ,24/05/2017,139.78
QQQ,25/05/2017,140.97
QQQ,26/05/2017,141.22
QQQ,30/05/2017,141.34
QQQ,31/05/2017,141.29
QQQ,01/06/2017,141.84
QQQ,02/06/2017,143.46
QQQ,05/06/2017,143.43
QQQ,06/06/2017,142.86
QQQ,07/06/2017,143.42
QQQ,08/06/2017,143.57
QQQ,09/06/2017,139.98
QQQ,12/06/2017,139.23
QQQ,13/06/2017,140.36
QQQ,14/06/2017,139.75
QQQ,15/06/2017,139.13
QQQ,16/06/2017,138.15
QQQ,19/06/2017,140.46
QQQ,20/06/2017,139.36
QQQ,21/06/2017,140.74
QQQ,22/06/2017,140.70
QQQ,23/06/2017,141.24
QQQ,26/06/2017,140.58
QQQ,27/06/2017,138.03
QQQ,28/06/2017,140.02
QQQ,29/06/2017,137.59
QQQ,30/06/2017,137.64
QQQ,03/07/2017,136.19
QQQ,05/07/2017,137.53
QQQ,06/07/2017,136.29
QQQ,07/07/2017,137.76
QQQ,10/07/2017,138.66
QQQ,11/07/2017,139.05
QQQ,12/07/2017,140.70
QQQ,13/07/2017,141.01
QQQ,14/07/2017,142.12
QQQ,17/07/2017,142.19
QQQ,18/07/2017,143.14
QQQ,19/07/2017,143.98
QQQ,20/07/2017,144.17
QQQ,21/07/2017,144.11
QQQ,24/07/2017,144.77
QQQ,25/07/2017,144.40
QQQ,26/07/2017,144.87
QQQ,27/07/2017,143.96
QQQ,28/07/2017,143.84
QQQ,31/07/2017,143.23
QQQ,01/08/2017,143.56
QQQ,02/08/2017,143.95
QQQ,03/08/2017,143.39
QQQ,04/08/2017,143.65
QQQ,07/08/2017,144.56
QQQ,08/08/2017,144.31
QQQ,09/08/2017,144.12
QQQ,10/08/2017,141.03
QQQ,11/08/2017,142.10
QQQ,14/08/2017,143.93
QQQ,15/08/2017,144.03
QQQ,16/08/2017,144.28
QQQ,17/08/2017,141.33
QQQ,18/08/2017,141.23
QQQ,21/08/2017,141.05
QQQ,22/08/2017,143.20
QQQ,23/08/2017,142.69
QQQ,24/08/2017,142.27
QQQ,25/08/2017,141.97
QQQ,28/08/2017,142.41
QQQ,29/08/2017,142.97
QQQ,30/08/2017,144.65
QQQ,31/08/2017,146.20
QQQ,01/09/2017,146.00
QQQ,05/09/2017,144.69
QQQ,06/09/2017,145.13
QQQ,07/09/2017,145.47
QQQ,08/09/2017,144.21
QQQ,11/09/2017,145.87
QQQ,12/09/2017,146.22
QQQ,13/09/2017,146.42
QQQ,14/09/2017,145.56
QQQ,15/09/2017,146.06
QQQ,18/09/2017,145.55
QQQ,19/09/2017,145.80
QQQ,20/09/2017,145.35
QQQ,21/09/2017,144.46
QQQ,22/09/2017,144.32
QQQ,25/09/2017,142.80
QQQ,26/09/2017,143.17
QQQ,27/09/2017,144.46
QQQ,28/09/2017,144.41
QQQ,29/09/2017,145.45
QQQ,02/10/2017,145.58
QQQ,03/10/2017,145.89
QQQ,04/10/2017,146.03
QQQ,05/10/2017,147.46
QQQ,06/10/2017,147.66
QQQ,09/10/2017,147.49
QQQ,10/10/2017,147.60
QQQ,11/10/2017,148.04
QQQ,12/10/2017,147.77
QQQ,13/10/2017,148.34
QQQ,16/10/2017,148.85
QQQ,17/10/2017,149.04
QQQ,18/10/2017,148.86
QQQ,19/10/2017,148.31
QQQ,20/10/2017,148.71
QQQ,23/10/2017,147.74
QQQ,24/10/2017,147.99
QQQ,25/10/2017,147.43
QQQ,26/10/2017,146.96
QQQ,27/10/2017,151.24
QQQ,30/10/2017,151.58
QQQ,31/10/2017,152.15
QQQ,01/11/2017,152.10
QQQ,02/11/2017,151.81
QQQ,03/11/2017,153.27
QQQ,06/11/2017,153.79
QQQ,07/11/2017,153.88
QQQ,08/11/2017,154.50
QQQ,09/11/2017,153.69
QQQ,10/11/2017,153.68
QQQ,13/11/2017,153.87
QQQ,14/11/2017,153.31
QQQ,15/11/2017,152.59
QQQ,16/11/2017,154.54
QQQ,17/11/2017,153.95
QQQ,20/11/2017,153.83
QQQ,21/11/2017,155.50
QQQ,22/11/2017,155.69
QQQ,24/11/2017,156.26
QQQ,27/11/2017,156.19
QQQ,28/11/2017,156.59
QQQ,29/11/2017,153.86
QQQ,30/11/2017,155.15
QQQ,01/12/2017,154.49
QQQ,04/12/2017,152.71
QQQ,05/12/2017,152.81
QQQ,06/12/2017,153.50
QQQ,07/12/2017,154.02
QQQ,08/12/2017,154.70
QQQ,11/12/2017,155.90
QQQ,12/12/2017,155.69
QQQ,13/12/2017,155.99
QQQ,14/12/2017,155.88
QQQ,15/12/2017,157.65
QQQ,18/12/2017,158.64
QQQ,19/12/2017,157.70
QQQ,20/12/2017,157.53
QQQ,21/12/2017,157.55
QQQ,22/12/2017,157.37
QQQ,26/12/2017,156.52
QQQ,27/12/2017,156.54
QQQ,28/12/2017,156.73
QQQ,29/12/2017,155.76
QQQ,02/01/2018,158.49
QQQ,03/01/2018,160.03
QQQ,04/01/2018,160.31
QQQ,05/01/2018,161.92
QQQ,08/01/2018,162.55
QQQ,09/01/2018,162.56
QQQ,10/01/2018,162.18
QQQ,11/01/2018,163.29
QQQ,12/01/2018,164.49
QQQ,16/01/2018,164.02
QQQ,17/01/2018,165.79
QQQ,18/01/2018,165.82
QQQ,19/01/2018,166.34
QQQ,22/01/2018,168.12
QQQ,23/01/2018,169.51
QQQ,24/01/2018,168.41
QQQ,25/01/2018,168.35
QQQ,26/01/2018,170.93
QQQ,29/01/2018,170.10
QQQ,30/01/2018,168.70
QQQ,31/01/2018,169.40
QQQ,01/02/2018,167.96
QQQ,02/02/2018,164.61
QQQ,05/02/2018,158.12
QQQ,06/02/2018,162.31
QQQ,07/02/2018,160.21
QQQ,08/02/2018,153.45
QQQ,09/02/2018,156.10
QQQ,12/02/2018,158.87
QQQ,13/02/2018,159.69
QQQ,14/02/2018,162.68
QQQ,15/02/2018,165.70
QQQ,16/02/2018,164.96
QQQ,20/02/2018,165.29
QQQ,21/02/2018,164.82
QQQ,22/02/2018,164.80
QQQ,23/02/2018,168.17
QQQ,26/02/2018,170.40
QQQ,27/02/2018,168.29
QQQ,28/02/2018,167.21
QQQ,01/03/2018,164.48
QQQ,02/03/2018,165.99
QQQ,05/03/2018,167.83
QQQ,06/03/2018,168.54
QQQ,07/03/2018,168.93
QQQ,08/03/2018,169.86
QQQ,09/03/2018,173.16
QQQ,12/03/2018,174.08
QQQ,13/03/2018,171.71
QQQ,14/03/2018,171.68
QQQ,15/03/2018,171.53
QQQ,16/03/2018,171.02
QQQ,19/03/2018,167.10
QQQ,20/03/2018,167.65
QQQ,21/03/2018,166.92
QQQ,22/03/2018,162.80
QQQ,23/03/2018,158.51
QQQ,26/03/2018,164.40
QQQ,27/03/2018,159.08
QQQ,28/03/2018,157.25
QQQ,29/03/2018,160.13
QQQ,02/04/2018,155.51
QQQ,03/04/2018,157.26
QQQ,04/04/2018,159.74
QQQ,05/04/2018,160.65
QQQ,06/04/2018,156.63
QQQ,09/04/2018,157.73
QQQ,10/04/2018,161.21
QQQ,11/04/2018,160.28
QQQ,12/04/2018,162.21
QQQ,13/04/2018,161.37
QQQ,16/04/2018,162.60
QQQ,17/04/2018,166.10
QQQ,18/04/2018,166.44
QQQ,19/04/2018,164.91
QQQ,20/04/2018,162.30
QQQ,23/04/2018,161.89
QQQ,24/04/2018,158.46
QQQ,25/04/2018,158.65
QQQ,26/04/2018,161.99
QQQ,27/04/2018,162.09
QQQ,30/04/2018,160.94
QQQ,01/05/2018,162.78
QQQ,02/05/2018,161.82
QQQ,03/05/2018,161.80
QQQ,04/05/2018,164.87
QQQ,07/05/2018,166.24
QQQ,08/05/2018,166.07
QQQ,09/05/2018,167.88
QQQ,10/05/2018,169.62
QQQ,11/05/2018,169.46
QQQ,14/05/2018,169.75
QQQ,15/05/2018,167.87
QQQ,16/05/2018,168.98
QQQ,17/05/2018,168.33
QQQ,18/05/2018,167.46
QQQ,21/05/2018,168.40
QQQ,22/05/2018,168.18
QQQ,23/05/2018,169.60
QQQ,24/05/2018,169.55
QQQ,25/05/2018,169.72
QQQ,29/05/2018,168.97
QQQ,30/05/2018,170.18
QQQ,31/05/2018,170.07
QQQ,01/06/2018,172.74
QQQ,04/06/2018,174.30
QQQ,05/06/2018,174.84
QQQ,06/06/2018,175.86
QQQ,07/06/2018,174.43
QQQ,08/06/2018,174.44
QQQ,11/06/2018,174.91
QQQ,12/06/2018,175.83
QQQ,13/06/2018,175.82
QQQ,14/06/2018,177.60
QQQ,15/06/2018,176.98
QQQ,18/06/2018,176.50
QQQ,19/06/2018,176.00
QQQ,20/06/2018,177.25
QQQ,21/06/2018,175.71
QQQ,22/06/2018,175.32
QQQ,25/06/2018,171.37
QQQ,26/06/2018,172.07
QQQ,27/06/2018,169.73
QQQ,28/06/2018,171.19
QQQ,29/06/2018,171.65
QQQ,02/07/2018,172.80
QQQ,03/07/2018,170.80
QQQ,05/07/2018,172.92
QQQ,06/07/2018,175.61
QQQ,09/07/2018,177.19
QQQ,10/07/2018,177.32
QQQ,11/07/2018,176.42
QQQ,12/07/2018,179.46
QQQ,13/07/2018,179.61
QQQ,16/07/2018,179.18
QQQ,17/07/2018,180.27
QQQ,18/07/2018,179.93
QQQ,19/07/2018,179.03
QQQ,20/07/2018,178.99
QQQ,23/07/2018,179.56
QQQ,24/07/2018,180.30
QQQ,25/07/2018,182.82
QQQ,26/07/2018,180.05
QQQ,27/07/2018,177.62
QQQ,30/07/2018,175.11
QQQ,31/07/2018,176.45
QQQ,01/08/2018,177.12
QQQ,02/08/2018,179.53
QQQ,03/08/2018,180.08
QQQ,06/08/2018,181.14
QQQ,07/08/2018,181.80
QQQ,08/08/2018,182.02
QQQ,09/08/2018,181.91
QQQ,10/08/2018,180.52
QQQ,13/08/2018,180.32
QQQ,14/08/2018,181.45
QQQ,15/08/2018,179.23
QQQ,16/08/2018,179.82
QQQ,17/08/2018,179.86
QQQ,20/08/2018,179.70
QQQ,21/08/2018,180.36
QQQ,22/08/2018,181.06
QQQ,23/08/2018,180.80
QQQ,24/08/2018,182.48
QQQ,27/08/2018,184.34
QQQ,28/08/2018,184.61
QQQ,29/08/2018,186.74
QQQ,30/08/2018,186.41
QQQ,31/08/2018,186.65
QQQ,04/09/2018,185.85
QQQ,05/09/2018,183.45
QQQ,06/09/2018,181.81
QQQ,07/09/2018,181.11
QQQ,10/09/2018,181.72
QQQ,11/09/2018,183.12
QQQ,12/09/2018,182.58
QQQ,13/09/2018,184.53
QQQ,14/09/2018,183.99
QQQ,17/09/2018,181.34
QQQ,18/09/2018,182.84
QQQ,19/09/2018,182.70
QQQ,20/09/2018,184.72
QQQ,21/09/2018,183.71
QQQ,24/09/2018,183.89
QQQ,25/09/2018,184.14
QQQ,26/09/2018,184.27
QQQ,27/09/2018,185.83
QQQ,28/09/2018,185.79
QQQ,01/10/2018,186.17
QQQ,02/10/2018,185.75
QQQ,03/10/2018,185.95
QQQ,04/10/2018,182.38
QQQ,05/10/2018,180.15
QQQ,08/10/2018,179.05
QQQ,09/10/2018,179.63
QQQ,10/10/2018,171.73
QQQ,11/10/2018,169.60
QQQ,12/10/2018,174.32
QQQ,15/10/2018,172.21
QQQ,16/10/2018,177.22
QQQ,17/10/2018,177.29
QQQ,18/10/2018,173.18
QQQ,19/10/2018,173.02
QQQ,22/10/2018,173.91
QQQ,23/10/2018,173.27
QQQ,24/10/2018,165.34
QQQ,25/10/2018,171.06
QQQ,26/10/2018,166.66
QQQ,29/10/2018,163.23
QQQ,30/10/2018,165.92
QQQ,31/10/2018,169.82
QQQ,01/11/2018,172.06
QQQ,02/11/2018,169.38
QQQ,05/11/2018,168.96
QQQ,06/11/2018,170.24
QQQ,07/11/2018,175.58
QQQ,08/11/2018,174.46
QQQ,09/11/2018,171.52
QQQ,12/11/2018,166.33
QQQ,13/11/2018,166.47
QQQ,14/11/2018,165.20
QQQ,15/11/2018,168.09
QQQ,16/11/2018,167.50
QQQ,19/11/2018,162.06
QQQ,20/11/2018,159.16
QQQ,21/11/2018,160.37
QQQ,23/11/2018,159.21
QQQ,26/11/2018,162.89
QQQ,27/11/2018,163.44
QQQ,28/11/2018,168.70
QQQ,29/11/2018,168.15
QQQ,30/11/2018,169.37
QQQ,03/12/2018,172.33
QQQ,04/12/2018,165.72
QQQ,06/12/2018,166.89
QQQ,07/12/2018,161.38
QQQ,10/12/2018,163.07
QQQ,11/12/2018,163.61
QQQ,12/12/2018,165.05
QQQ,13/12/2018,165.10
QQQ,14/12/2018,161.08
QQQ,17/12/2018,157.43
QQQ,18/12/2018,158.42
QQQ,19/12/2018,154.53
QQQ,20/12/2018,152.29
QQQ,21/12/2018,147.57
QQQ,24/12/2018,143.50
QQQ,26/12/2018,152.46
QQQ,27/12/2018,153.05
QQQ,28/12/2018,152.97
QQQ,31/12/2018,154.26
QQQ,02/01/2019,154.88
QQQ,03/01/2019,149.82
QQQ,04/01/2019,156.23
QQQ,07/01/2019,158.09
QQQ,08/01/2019,159.52
QQQ,09/01/2019,160.82
QQQ,10/01/2019,161.28
QQQ,11/01/2019,160.69
QQQ,14/01/2019,159.27
QQQ,15/01/2019,162.38
QQQ,16/01/2019,162.35
QQQ,17/01/2019,163.63
QQQ,18/01/2019,165.25
QQQ,22/01/2019,161.94
QQQ,23/01/2019,162.15
QQQ,24/01/2019,163.20
QQQ,25/01/2019,165.15
QQQ,28/01/2019,163.11
QQQ,29/01/2019,161.57
QQQ,30/01/2019,165.68
QQQ,31/01/2019,168.16
QQQ,01/02/2019,167.45
QQQ,04/02/2019,169.53
QQQ,05/02/2019,171.03
QQQ,06/02/2019,170.52
QQQ,07/02/2019,168.23
QQQ,08/02/2019,168.56
QQQ,11/02/2019,168.40
QQQ,12/02/2019,170.89
QQQ,13/02/2019,171.01
QQQ,14/02/2019,171.22
QQQ,15/02/2019,171.94
QQQ,19/02/2019,172.28
QQQ,20/02/2019,172.25
QQQ,21/02/2019,171.62
QQQ,22/02/2019,172.89
QQQ,25/02/2019,173.52
QQQ,26/02/2019,173.70
QQQ,27/02/2019,173.59
QQQ,28/02/2019,173.19
QQQ,01/03/2019,174.39
QQQ,04/03/2019,174.42
QQQ,05/03/2019,174.55
QQQ,06/03/2019,173.56
QQQ,07/03/2019,171.43
QQQ,08/03/2019,171.17
QQQ,11/03/2019,174.73
QQQ,12/03/2019,175.69
QQQ,13/03/2019,177.01
QQQ,14/03/2019,176.71
QQQ,15/03/2019,178.35
QQQ,18/03/2019,178.45
QQQ,19/03/2019,179.05
QQQ,20/03/2019,179.76
QQQ,21/03/2019,182.57
QQQ,22/03/2019,178.56
QQQ,25/03/2019,178.22
QQQ,26/03/2019,179.05
QQQ,27/03/2019,177.90
QQQ,28/03/2019,178.31
QQQ,29/03/2019,179.66
QQQ,01/04/2019,182.04
QQQ,02/04/2019,182.73
QQQ,03/04/2019,183.78
QQQ,04/04/2019,183.71
QQQ,05/04/2019,184.66
QQQ,08/04/2019,185.13
QQQ,09/04/2019,184.48
QQQ,10/04/2019,185.47
QQQ,11/04/2019,185.03
QQQ,12/04/2019,185.83
QQQ,15/04/2019,185.86
QQQ,16/04/2019,186.50
QQQ,17/04/2019,187.15
QQQ,18/04/2019,187.39
QQQ,22/04/2019,187.92
QQQ,23/04/2019,190.31
QQQ,24/04/2019,189.71
QQQ,25/04/2019,190.48
QQQ,26/04/2019,190.65
QQQ,29/04/2019,191.02
QQQ,30/04/2019,189.54
QQQ,01/05/2019,188.93
QQQ,02/05/2019,188.11
QQQ,03/05/2019,191.11
QQQ,06/05/2019,189.94
QQQ,07/05/2019,186.24
QQQ,08/05/2019,185.77
QQQ,09/05/2019,184.77
QQQ,10/05/2019,185.00
QQQ,13/05/2019,178.58
QQQ,14/05/2019,180.54
QQQ,15/05/2019,183.09
QQQ,16/05/2019,184.93
QQQ,17/05/2019,183.04
QQQ,20/05/2019,179.95
QQQ,21/05/2019,181.83
QQQ,22/05/2019,181.02
QQQ,23/05/2019,178.25
QQQ,24/05/2019,178.16
QQQ,28/05/2019,177.49
QQQ,29/05/2019,176.03
QQQ,30/05/2019,176.77
QQQ,31/05/2019,173.95
QQQ,03/06/2019,170.12
QQQ,04/06/2019,174.91
QQQ,05/06/2019,176.21
QQQ,06/06/2019,177.61
QQQ,07/06/2019,181.04
QQQ,10/06/2019,183.15
QQQ,11/06/2019,183.40
QQQ,12/06/2019,182.34
QQQ,13/06/2019,183.42
QQQ,14/06/2019,182.64
QQQ,17/06/2019,183.74
QQQ,18/06/2019,186.41
QQQ,19/06/2019,187.11
QQQ,20/06/2019,188.85
QQQ,21/06/2019,188.57
QQQ,24/06/2019,188.16
QQQ,25/06/2019,184.93
QQQ,26/06/2019,185.79
QQQ,27/06/2019,186.50
QQQ,28/06/2019,186.74
QQQ,01/07/2019,189.26
QQQ,02/07/2019,190.01
QQQ,03/07/2019,191.44
QQQ,05/07/2019,191.05
QQQ,08/07/2019,189.71
QQQ,09/07/2019,190.66
QQQ,10/07/2019,192.56
QQQ,11/07/2019,192.42
QQQ,12/07/2019,193.53
QQQ,15/07/2019,194.15
QQQ,16/07/2019,193.15
QQQ,17/07/2019,192.20
QQQ,18/07/2019,192.42
QQQ,19/07/2019,191.01
QQQ,22/07/2019,192.53
QQQ,23/07/2019,193.79
QQQ,24/07/2019,195.15
QQQ,25/07/2019,193.30
QQQ,26/07/2019,195.29
QQQ,29/07/2019,194.62
QQQ,30/07/2019,193.78
QQQ,31/07/2019,191.10
QQQ,01/08/2019,190.15
QQQ,02/08/2019,187.35
QQQ,05/08/2019,180.73
QQQ,06/08/2019,183.26
QQQ,07/08/2019,184.25
QQQ,08/08/2019,188.26
QQQ,09/08/2019,186.49
QQQ,12/08/2019,184.35
QQQ,13/08/2019,188.39
QQQ,14/08/2019,182.76
QQQ,15/08/2019,182.55
QQQ,16/08/2019,185.48
QQQ,19/08/2019,188.43
QQQ,20/08/2019,186.97
QQQ,21/08/2019,188.63
QQQ,22/08/2019,188.02
QQQ,23/08/2019,182.07
QQQ,26/08/2019,184.82
QQQ,27/08/2019,184.43
QQQ,28/08/2019,185.09
QQQ,29/08/2019,187.92
QQQ,30/08/2019,187.47
QQQ,03/09/2019,185.65
QQQ,04/09/2019,188.33
QQQ,05/09/2019,191.78
QQQ,06/09/2019,191.59
QQQ,09/09/2019,191.19
QQQ,10/09/2019,190.64
QQQ,11/09/2019,192.43
QQQ,12/09/2019,193.23
QQQ,13/09/2019,192.54
QQQ,16/09/2019,191.68
QQQ,17/09/2019,192.60
QQQ,18/09/2019,192.52
QQQ,19/09/2019,192.84
QQQ,20/09/2019,190.80
QQQ,23/09/2019,190.50
QQQ,24/09/2019,187.97
QQQ,25/09/2019,190.08
QQQ,26/09/2019,189.38
QQQ,27/09/2019,187.03
QQQ,30/09/2019,188.81
QQQ,01/10/2019,187.27
QQQ,02/10/2019,184.05
QQQ,03/10/2019,186.07
QQQ,04/10/2019,188.81
QQQ,07/10/2019,188.24
QQQ,08/10/2019,185.42
QQQ,09/10/2019,187.23
QQQ,10/10/2019,188.68
QQQ,11/10/2019,191.11
QQQ,14/10/2019,191.09
QQQ,15/10/2019,193.52
QQQ,16/10/2019,193.04
QQQ,17/10/2019,193.55
QQQ,18/10/2019,191.69
QQQ,21/10/2019,193.39
QQQ,22/10/2019,191.85
QQQ,23/10/2019,192.22
QQQ,24/10/2019,194.09
QQQ,25/10/2019,195.64
QQQ,28/10/2019,197.57
QQQ,29/10/2019,196.04
QQQ,30/10/2019,196.99
QQQ,31/10/2019,197.08
QQQ,01/11/2019,198.87
QQQ,04/11/2019,200.10
QQQ,05/11/2019,200.21
QQQ,06/11/2019,199.76
QQQ,07/11/2019,200.43
QQQ,08/11/2019,201.23
QQQ,11/11/2019,200.96
QQQ,12/11/2019,201.54
QQQ,13/11/2019,201.59
QQQ,14/11/2019,201.43
QQQ,15/11/2019,202.91
QQQ,18/11/2019,203.07
QQQ,19/11/2019,203.37
QQQ,20/11/2019,202.15
QQQ,21/11/2019,201.70
QQQ,22/11/2019,201.83
QQQ,25/11/2019,204.22
QQQ,26/11/2019,204.61
QQQ,27/11/2019,206.04
QQQ,29/11/2019,205.10
QQQ,02/12/2019,203.00
QQQ,03/12/2019,201.41
QQQ,04/12/2019,202.43
QQQ,05/12/2019,202.83
QQQ,06/12/2019,205.00
QQQ,09/12/2019,204.07
QQQ,10/12/2019,203.90
QQQ,11/12/2019,204.98
QQQ,12/12/2019,206.51
QQQ,13/12/2019,207.19
QQQ,16/12/2019,209.27
QQQ,17/12/2019,209.39
QQQ,18/12/2019,209.55
QQQ,19/12/2019,210.86
QQQ,20/12/2019,211.71
QQQ,23/12/2019,211.81
QQQ,24/12/2019,211.92
QQQ,26/12/2019,213.79
QQQ,27/12/2019,213.61
QQQ,30/12/2019,212.21
QQQ,31/12/2019,212.61
QQQ,02/01/2020,216.16
QQQ,03/01/2020,214.18
QQQ,06/01/2020,215.56
QQQ,07/01/2020,215.53
QQQ,08/01/2020,217.15
QQQ,09/01/2020,218.99
QQQ,10/01/2020,218.43
QQQ,13/01/2020,220.95
QQQ,14/01/2020,220.08
QQQ,15/01/2020,220.17
QQQ,16/01/2020,222.28
QQQ,17/01/2020,223.38
QQQ,21/01/2020,223.28
QQQ,22/01/2020,223.87
QQQ,23/01/2020,224.59
QQQ,24/01/2020,222.70
QQQ,27/01/2020,218.10
QQQ,28/01/2020,221.45
QQQ,29/01/2020,221.81
QQQ,30/01/2020,222.60
QQQ,31/01/2020,219.07
QQQ,03/02/2020,222.38
QQQ,04/02/2020,227.47
QQQ,05/02/2020,228.22
QQQ,06/02/2020,230.19
QQQ,07/02/2020,229.20
QQQ,10/02/2020,231.97
QQQ,11/02/2020,232.01
QQQ,12/02/2020,234.27
QQQ,13/02/2020,233.97
QQQ,14/02/2020,234.64
QQQ,18/02/2020,234.73
QQQ,19/02/2020,236.98
QQQ,20/02/2020,234.78
QQQ,21/02/2020,230.27
QQQ,24/02/2020,221.39
QQQ,25/02/2020,215.37
QQQ,26/02/2020,216.48
QQQ,27/02/2020,205.64
QQQ,28/02/2020,205.80
QQQ,02/03/2020,216.42
QQQ,03/03/2020,209.48
QQQ,04/03/2020,218.22
QQQ,05/03/2020,211.59
QQQ,06/03/2020,208.02
QQQ,09/03/2020,193.57
QQQ,10/03/2020,204.11
QQQ,11/03/2020,195.22
QQQ,12/03/2020,177.32
QQQ,13/03/2020,192.34
QQQ,16/03/2020,169.30
QQQ,17/03/2020,182.14
QQQ,18/03/2020,176.60
QQQ,19/03/2020,177.66
QQQ,20/03/2020,170.70
QQQ,23/03/2020,170.46
QQQ,24/03/2020,183.66
QQQ,25/03/2020,182.30
QQQ,26/03/2020,191.90
QQQ,27/03/2020,185.30
QQQ,30/03/2020,192.04
QQQ,31/03/2020,190.40
QQQ,01/04/2020,182.31
QQQ,02/04/2020,186.01
QQQ,03/04/2020,183.37
QQQ,06/04/2020,196.48
QQQ,07/04/2020,196.40
QQQ,08/04/2020,200.57
QQQ,09/04/2020,200.86
QQQ,13/04/2020,203.03
QQQ,14/04/2020,211.86
QQQ,15/04/2020,209.43
QQQ,16/04/2020,213.25
QQQ,17/04/2020,215.29
QQQ,20/04/2020,212.74
QQQ,21/04/2020,204.89
QQQ,22/04/2020,210.97
QQQ,23/04/2020,210.52
QQQ,24/04/2020,213.84
QQQ,27/04/2020,215.56
QQQ,28/04/2020,211.50
QQQ,29/04/2020,219.00
QQQ,30/04/2020,218.91
QQQ,01/05/2020,212.74
QQQ,04/05/2020,215.22
QQQ,05/05/2020,217.66
QQQ,06/05/2020,219.00
QQQ,07/05/2020,221.82
QQQ,08/05/2020,224.86
QQQ,11/05/2020,226.87
QQQ,12/05/2020,222.12
QQQ,13/05/2020,219.34
QQQ,14/05/2020,221.83
QQQ,15/05/2020,223.27
QQQ,18/05/2020,227.43
QQQ,19/05/2020,226.86
QQQ,20/05/2020,231.39
QQQ,21/05/2020,228.87
QQQ,22/05/2020,229.66
QQQ,26/05/2020,229.04
QQQ,27/05/2020,230.29
QQQ,28/05/2020,229.99
QQQ,29/05/2020,233.36
QQQ,01/06/2020,234.06
QQQ,02/06/2020,235.63
QQQ,03/06/2020,236.69
QQQ,04/06/2020,235.03
QQQ,05/06/2020,239.69
QQQ,08/06/2020,241.55
QQQ,09/06/2020,243.30
QQQ,10/06/2020,246.22
QQQ,11/06/2020,234.02
QQQ,12/06/2020,235.88
QQQ,15/06/2020,238.75
QQQ,16/06/2020,242.85
QQQ,17/06/2020,243.62
QQQ,18/06/2020,244.28
QQQ,19/06/2020,244.24
QQQ,22/06/2020,246.74
QQQ,23/06/2020,248.84
QQQ,24/06/2020,243.71
QQQ,25/06/2020,246.03
QQQ,26/06/2020,240.22
QQQ,29/06/2020,242.84
QQQ,30/06/2020,247.60
QQQ,01/07/2020,250.49
QQQ,02/07/2020,252.19
QQQ,06/07/2020,258.39
QQQ,07/07/2020,256.61
QQQ,08/07/2020,259.99
QQQ,09/07/2020,262.18
QQQ,10/07/2020,263.97
QQQ,13/07/2020,258.54
QQQ,14/07/2020,260.37
QQQ,15/07/2020,260.90
QQQ,16/07/2020,259.12
QQQ,17/07/2020,259.42
QQQ,20/07/2020,266.78
QQQ,21/07/2020,264.00
QQQ,22/07/2020,264.93
QQQ,23/07/2020,258.01
QQQ,24/07/2020,255.56
QQQ,27/07/2020,260.12
QQQ,28/07/2020,256.81
QQQ,29/07/2020,259.77
QQQ,30/07/2020,261.13
QQQ,31/07/2020,265.79
QQQ,03/08/2020,269.38
QQQ,04/08/2020,270.38
QQQ,05/08/2020,271.05
QQQ,06/08/2020,274.64
QQQ,07/08/2020,271.47
QQQ,10/08/2020,270.31
QQQ,11/08/2020,265.19
QQQ,12/08/2020,271.86
QQQ,13/08/2020,272.48
QQQ,14/08/2020,272.16
QQQ,17/08/2020,275.32
QQQ,18/08/2020,277.97
QQQ,19/08/2020,276.10
QQQ,20/08/2020,279.93
QQQ,21/08/2020,281.87
QQQ,24/08/2020,283.63
QQQ,25/08/2020,285.86
QQQ,26/08/2020,291.96
QQQ,27/08/2020,291.05
QQQ,28/08/2020,292.53
QQQ,31/08/2020,294.88
QQQ,01/09/2020,299.92
QQQ,02/09/2020,302.76
QQQ,03/09/2020,287.41
QQQ,04/09/2020,283.58
QQQ,08/09/2020,269.95
QQQ,09/09/2020,277.88
QQQ,10/09/2020,272.34
QQQ,11/09/2020,270.45
QQQ,14/09/2020,275.16
QQQ,15/09/2020,279.06
QQQ,16/09/2020,274.61
QQQ,17/09/2020,270.32
QQQ,18/09/2020,266.87
QQQ,21/09/2020,267.51
QQQ,22/09/2020,272.48
QQQ,23/09/2020,264.16
QQQ,24/09/2020,265.39
QQQ,25/09/2020,271.56
QQQ,28/09/2020,277.20
QQQ,29/09/2020,275.95
QQQ,30/09/2020,277.84
QQQ,01/10/2020,282.25
QQQ,02/10/2020,274.31
QQQ,05/10/2020,280.16
QQQ,06/10/2020,275.16
QQQ,07/10/2020,279.92
QQQ,08/10/2020,281.41
QQQ,09/10/2020,285.71
QQQ,12/10/2020,294.53
QQQ,13/10/2020,294.52
QQQ,14/10/2020,292.06
QQQ,15/10/2020,290.10
QQQ,16/10/2020,288.51
QQQ,19/10/2020,283.80
QQQ,20/10/2020,284.41
QQQ,21/10/2020,284.19
QQQ,22/10/2020,284.18
QQQ,23/10/2020,284.74
QQQ,26/10/2020,280.47
QQQ,27/10/2020,282.66
QQQ,28/10/2020,271.64
QQQ,29/10/2020,276.39
QQQ,30/10/2020,269.38
QQQ,02/11/2020,269.98
QQQ,03/11/2020,274.65
QQQ,04/11/2020,286.91
QQQ,05/11/2020,294.39
QQQ,06/11/2020,294.61
QQQ,09/11/2020,288.59
QQQ,10/11/2020,283.42
QQQ,11/11/2020,289.76
QQQ,12/11/2020,288.40
QQQ,13/11/2020,290.93
QQQ,16/11/2020,293.20
QQQ,17/11/2020,292.27
QQQ,18/11/2020,290.11
QQQ,19/11/2020,292.38
QQQ,20/11/2020,290.38
QQQ,23/11/2020,290.39
QQQ,24/11/2020,294.47
QQQ,25/11/2020,296.28
QQQ,27/11/2020,299.01
QQQ,30/11/2020,299.62
QQQ,01/12/2020,303.46
QQQ,02/12/2020,303.85
QQQ,03/12/2020,304.28
QQQ,04/12/2020,305.52
QQQ,07/12/2020,307.25
QQQ,08/12/2020,308.29
QQQ,09/12/2020,301.31
QQQ,10/12/2020,302.52
QQQ,11/12/2020,301.85
QQQ,14/12/2020,304.04
QQQ,15/12/2020,307.29
QQQ,16/12/2020,308.98
QQQ,17/12/2020,311.00
QQQ,18/12/2020,310.06
QQQ,21/12/2020,308.92
QQQ,22/12/2020,309.76
QQQ,23/12/2020,308.20
QQQ,24/12/2020,309.56
QQQ,28/12/2020,312.68
QQQ,29/12/2020,312.96
QQQ,30/12/2020,312.97
QQQ,31/12/2020,313.74
QQQ,04/01/2021,309.31
QQQ,05/01/2021,311.86
QQQ,06/01/2021,307.54
QQQ,07/01/2021,314.98
QQQ,08/01/2021,319.03
QQQ,11/01/2021,314.42
QQQ,12/01/2021,313.92
QQQ,13/01/2021,316.04
QQQ,14/01/2021,314.35
QQQ,15/01/2021,311.86
QQQ,19/01/2021,316.41
QQQ,20/01/2021,323.77
QQQ,21/01/2021,326.36
QQQ,22/01/2021,325.42
QQQ,25/01/2021,328.11
QQQ,26/01/2021,328.59
QQQ,27/01/2021,319.43
QQQ,28/01/2021,321.32
QQQ,29/01/2021,314.56
QQQ,01/02/2021,322.42
QQQ,02/02/2021,327.68
QQQ,03/02/2021,326.38
QQQ,04/02/2021,330.24
QQQ,05/02/2021,331.36
QQQ,08/02/2021,333.58
QQQ,09/02/2021,333.51
QQQ,10/02/2021,332.75
QQQ,11/02/2021,334.58
QQQ,12/02/2021,336.45
QQQ,16/02/2021,335.54
QQQ,17/02/2021,333.93
QQQ,18/02/2021,332.47
QQQ,19/02/2021,331.02
QQQ,22/02/2021,322.44
QQQ,23/02/2021,321.48
QQQ,24/02/2021,324.13
QQQ,25/02/2021,312.83
QQQ,26/02/2021,314.14
QQQ,01/03/2021,323.59
QQQ,02/03/2021,318.40
QQQ,03/03/2021,309.16
QQQ,04/03/2021,304.10
QQQ,05/03/2021,308.68
QQQ,08/03/2021,299.94
QQQ,09/03/2021,311.77
QQQ,10/03/2021,310.88
QQQ,11/03/2021,318.04
QQQ,12/03/2021,315.46
QQQ,15/03/2021,318.83
QQQ,16/03/2021,320.58
QQQ,17/03/2021,321.90
QQQ,18/03/2021,312.04
QQQ,19/03/2021,313.14
QQQ,22/03/2021,318.61
QQQ,23/03/2021,317.22
QQQ,24/03/2021,311.87
QQQ,25/03/2021,311.33
QQQ,26/03/2021,316.00
QQQ,29/03/2021,315.91
QQQ,30/03/2021,314.32
QQQ,31/03/2021,319.13
QQQ,01/04/2021,324.57
QQQ,05/04/2021,331.05
QQQ,06/04/2021,330.82
QQQ,07/04/2021,331.62
QQQ,08/04/2021,335.08
QQQ,09/04/2021,337.11
QQQ,12/04/2021,336.67
QQQ,13/04/2021,340.60
QQQ,14/04/2021,336.51
QQQ,15/04/2021,341.61
QQQ,16/04/2021,342.01
QQQ,19/04/2021,338.88
QQQ,20/04/2021,336.41
QQQ,21/04/2021,339.29
QQQ,22/04/2021,335.20
QQQ,23/04/2021,339.42
QQQ,26/04/2021,341.63
QQQ,27/04/2021,340.15
QQQ,28/04/2021,339.00
QQQ,29/04/2021,340.22
QQQ,30/04/2021,337.99
QQQ,03/05/2021,336.19
QQQ,04/05/2021,330.14
QQQ,05/05/2021,329.03
QQQ,06/05/2021,331.51
QQQ,07/05/2021,334.20
QQQ,10/05/2021,325.76
QQQ,11/05/2021,325.31
QQQ,12/05/2021,316.89
QQQ,13/05/2021,319.34
QQQ,14/05/2021,326.39
QQQ,17/05/2021,324.41
QQQ,18/05/2021,322.22
QQQ,19/05/2021,322.59
QQQ,20/05/2021,328.83
QQQ,21/05/2021,327.01
QQQ,24/05/2021,332.51
QQQ,25/05/2021,332.97
QQQ,26/05/2021,334.13
QQQ,27/05/2021,332.88
QQQ,28/05/2021,333.93
QQQ,01/06/2021,332.82
QQQ,02/06/2021,333.47
QQQ,03/06/2021,330.00
QQQ,04/06/2021,335.60
QQQ,07/06/2021,336.60
QQQ,08/06/2021,336.76
QQQ,09/06/2021,336.84
QQQ,10/06/2021,340.35
QQQ,11/06/2021,341.24
QQQ,14/06/2021,344.51
QQQ,15/06/2021,342.26
QQQ,16/06/2021,341.01
QQQ,17/06/2021,345.34
QQQ,18/06/2021,342.63
QQQ,21/06/2021,344.36
QQQ,22/06/2021,347.57
QQQ,23/06/2021,347.74
QQQ,24/06/2021,349.89
QQQ,25/06/2021,349.46
QQQ,28/06/2021,353.71
QQQ,29/06/2021,354.99
QQQ,30/06/2021,354.43
QQQ,01/07/2021,354.57
QQQ,02/07/2021,358.64
QQQ,06/07/2021,360.19
QQQ,07/07/2021,360.95
QQQ,08/07/2021,358.77
QQQ,09/07/2021,361.01
QQQ,12/07/2021,362.42
QQQ,13/07/2021,362.42
QQQ,14/07/2021,363.07
QQQ,15/07/2021,360.52
QQQ,16/07/2021,357.60
QQQ,19/07/2021,354.67
QQQ,20/07/2021,358.79
QQQ,21/07/2021,361.56
QQQ,22/07/2021,363.95
QQQ,23/07/2021,368.20
QQQ,26/07/2021,368.49
QQQ,27/07/2021,364.43
QQQ,28/07/2021,365.83
QQQ,29/07/2021,366.48
QQQ,30/07/2021,364.57
QQQ,02/08/2021,364.60
QQQ,03/08/2021,366.81
QQQ,04/08/2021,367.34
QQQ,05/08/2021,369.67
QQQ,06/08/2021,368.05
QQQ,09/08/2021,368.73
QQQ,10/08/2021,366.84
QQQ,11/08/2021,366.21
QQQ,12/08/2021,367.53
QQQ,13/08/2021,368.82
QQQ,16/08/2021,368.98
QQQ,17/08/2021,365.73
QQQ,18/08/2021,362.21
QQQ,19/08/2021,363.96
QQQ,20/08/2021,367.73
QQQ,23/08/2021,373.23
QQQ,24/08/2021,374.37
QQQ,25/08/2021,374.80
QQQ,26/08/2021,372.42
QQQ,27/08/2021,376.04
QQQ,30/08/2021,380.26
QQQ,31/08/2021,379.95
QQQ,01/09/2021,380.58
QQQ,02/09/2021,380.40
QQQ,03/09/2021,381.57
QQQ,07/09/2021,382.11
QQQ,08/09/2021,380.78
QQQ,09/09/2021,379.47
QQQ,10/09/2021,376.59
QQQ,13/09/2021,376.33
QQQ,14/09/2021,375.26
QQQ,15/09/2021,378.05
QQQ,16/09/2021,378.31
QQQ,17/09/2021,373.83
QQQ,20/09/2021,365.70
QQQ,21/09/2021,366.15
QQQ,22/09/2021,369.57
QQQ,23/09/2021,372.98
QQQ,24/09/2021,373.33
QQQ,27/09/2021,370.35
QQQ,28/09/2021,359.87
QQQ,29/09/2021,359.28
QQQ,30/09/2021,357.96
QQQ,01/10/2021,360.18
QQQ,04/10/2021,352.62
QQQ,05/10/2021,357.38
QQQ,06/10/2021,359.67
QQQ,07/10/2021,362.97
QQQ,08/10/2021,361.16
QQQ,11/10/2021,358.39
QQQ,12/10/2021,357.14
QQQ,13/10/2021,360.00
QQQ,14/10/2021,366.63
QQQ,15/10/2021,368.94
QQQ,18/10/2021,372.65
QQQ,19/10/2021,375.47
QQQ,20/10/2021,374.98
QQQ,21/10/2021,377.27
QQQ,22/10/2021,374.10
QQQ,25/10/2021,377.93
QQQ,26/10/2021,379.12
QQQ,27/10/2021,380.00
QQQ,28/10/2021,384.22
QQQ,29/10/2021,386.11
QQQ,01/11/2021,387.43
QQQ,02/11/2021,389.05
QQQ,03/11/2021,393.18
QQQ,04/11/2021,398.22
QQQ,05/11/2021,398.60
QQQ,08/11/2021,398.06
QQQ,09/11/2021,395.32
QQQ,10/11/2021,389.51
QQQ,11/11/2021,390.59
QQQ,12/11/2021,394.70
QQQ,15/11/2021,394.61
QQQ,16/11/2021,397.42
QQQ,17/11/2021,397.63
QQQ,18/11/2021,401.75
QQQ,19/11/2021,403.99
QQQ,22/11/2021,399.30
QQQ,23/11/2021,397.48
QQQ,24/11/2021,398.76
QQQ,26/11/2021,391.20
QQQ,29/11/2021,399.69
QQQ,30/11/2021,393.82
QQQ,01/12/2021,387.12
QQQ,02/12/2021,389.91
QQQ,03/12/2021,383.13
QQQ,06/12/2021,386.20
QQQ,07/12/2021,397.83
QQQ,08/12/2021,399.61
QQQ,09/12/2021,393.73
QQQ,10/12/2021,398.01
QQQ,13/12/2021,392.26
QQQ,14/12/2021,388.20
QQQ,15/12/2021,397.05
QQQ,16/12/2021,386.84
QQQ,17/12/2021,384.91
QQQ,20/12/2021,380.69
QQQ,21/12/2021,389.21
QQQ,22/12/2021,393.95
QQQ,23/12/2021,396.92
QQQ,27/12/2021,403.48
QQQ,28/12/2021,401.61
QQQ,29/12/2021,401.55
QQQ,30/12/2021,400.35
QQQ,31/12/2021,397.85
QQQ,03/01/2022,401.68
QQQ,04/01/2022,396.47
QQQ,05/01/2022,384.29
QQQ,06/01/2022,384.02
QQQ,07/01/2022,379.86
QQQ,10/01/2022,380.11
QQQ,11/01/2022,385.82
QQQ,12/01/2022,387.35
QQQ,13/01/2022,377.66
QQQ,14/01/2022,380.01
QQQ,18/01/2022,370.55
QQQ,19/01/2022,366.48
QQQ,20/01/2022,361.72
QQQ,21/01/2022,351.69
QQQ,24/01/2022,353.30
QQQ,25/01/2022,345.11
QQQ,26/01/2022,344.57
QQQ,27/01/2022,341.10
QQQ,28/01/2022,351.80
QQQ,31/01/2022,363.05
QQQ,01/02/2022,365.52
QQQ,02/02/2022,368.49
QQQ,03/02/2022,353.55
QQQ,04/02/2022,358.01
QQQ,07/02/2022,355.13
QQQ,08/02/2022,359.12
QQQ,09/02/2022,366.73
QQQ,10/02/2022,358.43
QQQ,11/02/2022,347.06
QQQ,14/02/2022,347.49
QQQ,15/02/2022,356.13
QQQ,16/02/2022,356.04
QQQ,17/02/2022,345.45
QQQ,18/02/2022,341.51
QQQ,22/02/2022,338.08
QQQ,23/02/2022,329.42
QQQ,24/02/2022,340.49
QQQ,25/02/2022,345.77
QQQ,28/02/2022,346.80
QQQ,01/03/2022,341.49
QQQ,02/03/2022,347.22
QQQ,03/03/2022,342.26
QQQ,04/03/2022,337.30
QQQ,07/03/2022,324.86
QQQ,08/03/2022,323.35
QQQ,09/03/2022,334.99
QQQ,10/03/2022,331.27
QQQ,11/03/2022,324.40
QQQ,14/03/2022,318.17
QQQ,15/03/2022,328.15
QQQ,16/03/2022,340.32
QQQ,17/03/2022,344.44
QQQ,18/03/2022,351.49
QQQ,21/03/2022,350.08
QQQ,22/03/2022,356.96
QQQ,23/03/2022,351.83
QQQ,24/03/2022,359.65
QQQ,25/03/2022,359.35
QQQ,28/03/2022,364.91
QQQ,29/03/2022,371.19
QQQ,30/03/2022,367.09
QQQ,31/03/2022,362.54
QQQ,01/04/2022,361.85
QQQ,04/04/2022,369.30
QQQ,05/04/2022,361.10
QQQ,06/04/2022,353.26
QQQ,07/04/2022,354.10
QQQ,08/04/2022,349.15
QQQ,11/04/2022,340.89
QQQ,12/04/2022,339.45
QQQ,13/04/2022,346.35
QQQ,14/04/2022,338.43
QQQ,18/04/2022,338.69
QQQ,19/04/2022,346.26
QQQ,20/04/2022,341.21
QQQ,21/04/2022,334.15
QQQ,22/04/2022,325.40
QQQ,25/04/2022,329.58
QQQ,26/04/2022,317.14
QQQ,27/04/2022,316.76
QQQ,28/04/2022,328.01
QQQ,29/04/2022,313.25
QQQ,02/05/2022,318.48
QQQ,03/05/2022,318.82
QQQ,04/05/2022,329.60
QQQ,05/05/2022,313.00
QQQ,06/05/2022,309.25
QQQ,09/05/2022,297.15
QQQ,10/05/2022,300.76
QQQ,11/05/2022,291.84
QQQ,12/05/2022,291.15
QQQ,13/05/2022,301.94
QQQ,16/05/2022,298.44
QQQ,17/05/2022,306.17
QQQ,18/05/2022,291.14
QQQ,19/05/2022,289.58
QQQ,20/05/2022,288.68
QQQ,23/05/2022,293.48
QQQ,24/05/2022,287.24
QQQ,25/05/2022,291.26
QQQ,26/05/2022,299.33
QQQ,27/05/2022,309.10
QQQ,31/05/2022,308.28
QQQ,01/06/2022,306.00
QQQ,02/06/2022,314.38
QQQ,03/06/2022,306.20
QQQ,06/06/2022,307.22
QQQ,07/06/2022,309.87
QQQ,08/06/2022,307.64
QQQ,09/06/2022,299.40
QQQ,10/06/2022,288.84
QQQ,13/06/2022,275.41
QQQ,14/06/2022,275.91
QQQ,15/06/2022,282.80
QQQ,16/06/2022,271.39
QQQ,17/06/2022,274.69
QQQ,21/06/2022,281.08
QQQ,22/06/2022,280.67
QQQ,23/06/2022,284.85
QQQ,24/06/2022,294.61
QQQ,27/06/2022,292.45
QQQ,28/06/2022,283.54
QQQ,29/06/2022,283.80
QQQ,30/06/2022,280.28
QQQ,01/07/2022,282.13
QQQ,05/07/2022,286.96
QQQ,06/07/2022,288.80
QQQ,07/07/2022,294.98
QQQ,08/07/2022,295.35
QQQ,11/07/2022,289.04
QQQ,12/07/2022,286.24
QQQ,13/07/2022,285.65
QQQ,14/07/2022,286.67
QQQ,15/07/2022,291.87
QQQ,18/07/2022,289.40
QQQ,19/07/2022,298.30
QQQ,20/07/2022,303.03
QQQ,21/07/2022,307.38
QQQ,22/07/2022,301.99
QQQ,25/07/2022,300.27
QQQ,26/07/2022,294.37
QQQ,27/07/2022,306.81
QQQ,28/07/2022,309.81
QQQ,29/07/2022,315.46
QQQ,01/08/2022,315.27
QQQ,02/08/2022,314.33
QQQ,03/08/2022,322.89
QQQ,04/08/2022,324.40
QQQ,05/08/2022,321.75
QQQ,08/08/2022,320.71
QQQ,09/08/2022,317.08
QQQ,10/08/2022,325.93
QQQ,11/08/2022,324.08
QQQ,12/08/2022,330.39
QQQ,15/08/2022,333.06
QQQ,16/08/2022,332.28
QQQ,17/08/2022,328.49
QQQ,18/08/2022,329.28
QQQ,19/08/2022,322.86
QQQ,22/08/2022,314.36
QQQ,23/08/2022,314.10
QQQ,24/08/2022,315.01
QQQ,25/08/2022,320.58
QQQ,26/08/2022,307.44
QQQ,29/08/2022,304.41
QQQ,30/08/2022,301.02
QQQ,31/08/2022,299.27
QQQ,01/09/2022,299.40
QQQ,02/09/2022,295.17
QQQ,06/09/2022,293.05
QQQ,07/09/2022,298.97
QQQ,08/09/2022,300.52
QQQ,09/09/2022,307.09
QQQ,12/09/2022,310.74
QQQ,13/09/2022,293.70
QQQ,14/09/2022,296.03
QQQ,15/09/2022,291.10
QQQ,16/09/2022,289.32
QQQ,19/09/2022,291.05
QQQ,20/09/2022,288.73
QQQ,21/09/2022,283.56
QQQ,22/09/2022,280.07
QQQ,23/09/2022,275.51
QQQ,26/09/2022,274.37
QQQ,27/09/2022,274.48
QQQ,28/09/2022,279.94
QQQ,29/09/2022,271.87
QQQ,30/09/2022,267.26
QQQ,03/10/2022,273.53
QQQ,04/10/2022,282.13
QQQ,05/10/2022,281.98
QQQ,06/10/2022,279.76
QQQ,07/10/2022,269.10
QQQ,10/10/2022,266.41
QQQ,11/10/2022,262.75
QQQ,12/10/2022,262.66
QQQ,13/10/2022,268.82
QQQ,14/10/2022,260.74
QQQ,17/10/2022,269.35
QQQ,18/10/2022,271.48
QQQ,19/10/2022,270.49
QQQ,20/10/2022,269.11
QQQ,21/10/2022,275.42
QQQ,24/10/2022,278.45
QQQ,25/10/2022,284.21
QQQ,26/10/2022,277.93
QQQ,27/10/2022,272.87
QQQ,28/10/2022,281.22
QQQ,31/10/2022,277.95
QQQ,01/11/2022,275.11
QQQ,02/11/2022,265.68
QQQ,03/11/2022,260.49
QQQ,04/11/2022,264.68
QQQ,07/11/2022,267.59
QQQ,08/11/2022,269.54
QQQ,09/11/2022,263.32
QQQ,10/11/2022,282.75
QQQ,11/11/2022,287.96
QQQ,14/11/2022,285.44
QQQ,15/11/2022,289.39
QQQ,16/11/2022,285.44
QQQ,17/11/2022,284.81
QQQ,18/11/2022,284.82
QQQ,21/11/2022,281.89
QQQ,22/11/2022,285.95
QQQ,23/11/2022,288.82
QQQ,25/11/2022,286.92
QQQ,28/11/2022,282.71
QQQ,29/11/2022,280.57
QQQ,30/11/2022,293.36
QQQ,01/12/2022,293.72
QQQ,02/12/2022,292.55
QQQ,05/12/2022,287.64
QQQ,06/12/2022,281.68
QQQ,07/12/2022,280.53
QQQ,08/12/2022,283.85
QQQ,09/12/2022,282.04
QQQ,12/12/2022,285.58
QQQ,13/12/2022,288.65
QQQ,14/12/2022,286.51
QQQ,15/12/2022,276.89
QQQ,16/12/2022,274.25
QQQ,19/12/2022,269.75
QQQ,20/12/2022,269.54
QQQ,21/12/2022,273.45
QQQ,22/12/2022,266.76
QQQ,23/12/2022,267.36
QQQ,27/12/2022,263.58
QQQ,28/12/2022,260.10
QQQ,29/12/2022,266.44
QQQ,30/12/2022,266.28
QQQ,03/01/2023,264.48
QQQ,04/01/2023,265.74
QQQ,05/01/2023,261.58
QQQ,06/01/2023,268.80
QQQ,09/01/2023,270.54
QQQ,10/01/2023,272.83
QQQ,11/01/2023,277.55
QQQ,12/01/2023,279.05
QQQ,13/01/2023,280.97
QQQ,17/01/2023,281.54
QQQ,18/01/2023,277.88
QQQ,19/01/2023,275.15
QQQ,20/01/2023,282.68
QQQ,23/01/2023,288.96
QQQ,24/01/2023,288.37
QQQ,25/01/2023,287.73
QQQ,26/01/2023,293.34
QQQ,27/01/2023,296.26
QQQ,30/01/2023,290.27
QQQ,31/01/2023,294.62
QQQ,01/02/2023,300.92
QQQ,02/02/2023,311.72
QQQ,03/02/2023,306.18
QQQ,06/02/2023,303.59
QQQ,07/02/2023,309.88
QQQ,08/02/2023,304.37
QQQ,09/02/2023,301.68
QQQ,10/02/2023,299.70
QQQ,13/02/2023,304.50
QQQ,14/02/2023,306.75
QQQ,15/02/2023,309.10
QQQ,16/02/2023,303.30
QQQ,17/02/2023,301.16
QQQ,21/02/2023,294.03
QQQ,22/02/2023,294.25
QQQ,23/02/2023,296.82
QQQ,24/02/2023,291.85
QQQ,27/02/2023,293.94
QQQ,28/02/2023,293.56
QQQ,01/03/2023,291.20
QQQ,02/03/2023,293.61
QQQ,03/03/2023,299.68
QQQ,06/03/2023,300.02
QQQ,07/03/2023,296.34
QQQ,08/03/2023,297.82
QQQ,09/03/2023,292.66
QQQ,10/03/2023,288.55
QQQ,13/03/2023,290.69
QQQ,14/03/2023,297.37
QQQ,15/03/2023,298.93
QQQ,16/03/2023,306.81
QQQ,17/03/2023,305.36
QQQ,20/03/2023,305.97
QQQ,21/03/2023,310.34
QQQ,22/03/2023,306.12
QQQ,23/03/2023,309.75
QQQ,24/03/2023,310.89
QQQ,27/03/2023,308.76
QQQ,28/03/2023,307.12
QQQ,29/03/2023,312.72
QQQ,30/03/2023,315.68
QQQ,31/03/2023,320.93
QQQ,03/04/2023,320.15
QQQ,04/04/2023,319.07
QQQ,05/04/2023,315.92
QQQ,06/04/2023,318.05
QQQ,10/04/2023,317.87
QQQ,11/04/2023,315.83
QQQ,12/04/2023,313.04
QQQ,13/04/2023,319.17
QQQ,14/04/2023,318.57
QQQ,17/04/2023,318.84
QQQ,18/04/2023,318.86
QQQ,19/04/2023,318.71
QQQ,20/04/2023,316.28
QQQ,21/04/2023,316.61
QQQ,24/04/2023,315.95
QQQ,25/04/2023,309.99
QQQ,26/04/2023,311.87
QQQ,27/04/2023,320.35
QQQ,28/04/2023,322.56
QQQ,01/05/2023,322.19
QQQ,02/05/2023,319.38
QQQ,03/05/2023,317.29
QQQ,04/05/2023,316.17
QQQ,05/05/2023,322.89
QQQ,08/05/2023,323.69
QQQ,09/05/2023,321.64
QQQ,10/05/2023,325.14
QQQ,11/05/2023,326.20
QQQ,12/05/2023,325.03
QQQ,15/05/2023,326.79
QQQ,16/05/2023,327.16
QQQ,17/05/2023,331.12
QQQ,18/05/2023,337.27
QQQ,19/05/2023,336.51
QQQ,22/05/2023,337.64
QQQ,23/05/2023,333.36
QQQ,24/05/2023,331.65
QQQ,25/05/2023,339.72
QQQ,26/05/2023,348.40
QQQ,30/05/2023,349.98
QQQ,31/05/2023,347.99
QQQ,01/06/2023,352.01
QQQ,02/06/2023,354.65
QQQ,05/06/2023,354.90
QQQ,06/06/2023,354.84
QQQ,07/06/2023,348.82
QQQ,08/06/2023,353.15
